Name,Score,Age,Last_Season_Value,Proj_Value,Hashtag_Rank,CARMELO_5_YR_Value,Per_36_Value,Pos
James Harden,728.08696756,29,1.082111795,14.99,6,480.0,0.513156197,SG
Giannis Antetokounmpo,695.9984712400001,24,0.671908525,12.87,1,439.5,0.170651628,PF
Anthony Davis,656.95533888,26,1.045817004,15.33,3,307.1,0.49370823399999997,PF
Karl-Anthony Towns,639.90567904,23,0.68226118,12.23,2,322.9,0.233015398,C
Nikola Jokic,621.67456932,24,0.49649697299999995,10.6,4,337.3,0.22408363,C
Joel Embiid,584.86060316,25,0.568531349,10.58,5,293.1,0.151041865,C
Stephen Curry,571.69946708,31,0.758396775,14.2,7,277.7,0.398144951,PG
Luka Doncic,571.6779528400001,20,-0.150006693,4.54,8,362.3,-0.223872243,SF
Zion Williamson,556.132,19,,3.95,12,198.1,,PF
Paul George,551.5750275600001,29,0.784704285,10.32,16,275.3,0.305235702,PF
Damian Lillard,546.4895226799999,29,0.509168593,9.87,10,293.0,0.20865973699999998,PG
Ben Simmons,532.64736656,23,-0.039577636,4.54,19,362.0,-0.32736909999999997,PG
Kyrie Irving,519.54937668,27,0.575964707,8.37,11,217.4,0.273959855,PG
Bradley Beal,500.02630088,26,0.43341477799999995,8.27,17,223.7,0.038346372000000004,SG
Kawhi Leonard,490.56383284000003,28,0.656094985,9.95,14,167.4,0.26032541800000003,SF
Jayson Tatum,489.6473424,21,0.004831564,3.3,34,261.5,-0.118574002,PF
Donovan Mitchell,488.32790632,22,0.020884978000000002,4.42,23,243.4,-0.12389366,SG
Jaren Jackson Jr.,484.74315648000004,19,-0.10032905800000001,4.72,18,197.0,-0.164546015,PF
Ja Morant,482.392,20,,2.82,47,171.1,,PG
Mitchell Robinson,480.87877296,21,0.06764321,5.37,31,181.9,0.130738057,C
Kristaps Porzingis,477.028,24,,4.59,21,147.4,,PF
Devin Booker,477.02778728,22,0.09494812,6.71,9,172.3,-0.122601719,SG
Deandre Ayton,473.169033,21,0.159253819,5.97,13,160.2,-0.122038997,C
Jimmy Butler,472.05894536000005,29,0.377143478,9.04,25,219.6,0.09746507800000001,SF
John Collins,465.32648732,21,0.058707659,5.85,20,169.1,-0.137097738,PF
De'Aaron Fox,461.62191812000003,21,-0.031636595,4.37,26,194.3,-0.147132726,PG
Rudy Gobert,458.3806162,27,0.340741787,6.32,28,225.9,-0.09191319099999999,C
Myles Turner,450.05045896,23,0.26454470199999996,5.33,22,136.2,0.056833386,C
Lonzo Ball,449.17091252,21,-0.245510865,3.07,49,258.2,-0.27438316100000004,PG
Kemba Walker,448.75430368,29,0.311067196,6.8,38,227.3,0.087795198,PG
D'Angelo Russell,445.62719096,23,0.015046036,4.04,37,193.5,-0.006683131,SG
Nikola Vucevic,439.2835058,28,0.520635717,7.15,39,162.2,0.210950964,C
Trae Young,436.06669504,20,-0.227234532,5.44,15,129.0,-0.21604904600000002,PG
Jamal Murray,423.75858288,22,-0.068871942,2.8,43,189.1,-0.154781743,PG
Jrue Holiday,419.78317291999997,29,0.305054743,5.95,40,203.1,-0.02381271,SG
Pascal Siakam,409.12430152,25,0.09569226199999999,4.67,32,155.9,-0.14196736199999999,PF
Victor Oladipo,407.50778664,27,0.022300256,5.21,29,166.4,-0.070227795,SG
Andre Drummond,407.45356776000006,26,0.34030993200000004,6.08,24,116.7,-0.098885369,C
Lauri Markkanen,404.52603536,22,0.096692186,3.8,33,101.1,-0.049470651,PF
Russell Westbrook,402.46367492,30,0.174538563,5.77,57,234.2,-0.068998345,PG
LeBron James,397.17459312,34,0.285198638,8.81,27,191.1,-0.053741905,PG
Otto Porter,391.66876788,26,0.103490265,4.5,45,146.0,-0.021635533999999998,SF
Kevin Durant,391.60958109,30,0.5977780770000001,,44,209.5,0.17889750399999998,PF
Shai Gilgeous-Alexander,389.7768926,21,-0.279389683,1.69,50,167.7,-0.267619001,SG
Clint Capela,384.84381440000004,25,0.30135503,3.9,35,109.7,-0.139279835,C
Bam Adebayo,383.2214368,22,-0.20475492399999998,3.82,48,129.2,-0.175504578,C
Buddy Hield,377.05700136,26,0.11245376,4.67,41,110.5,-0.020889363,SG
Robert Covington,371.92854408,28,0.34316681600000004,4.69,46,119.8,-0.004201607,PF
Josh Richardson,362.46954991999996,25,-0.027141296000000002,3.6,52,129.6,-0.162759978,SG
R.J. Barrett,361.06,19,,-0.67,60,58.0,,SG
Jarrett Culver,359.08000000000004,20,,-0.46,91,106.5,,SG
Zach LaVine,358.57388336,24,-0.013916656000000001,4.58,36,77.3,-0.21321813,SG
Darius Garland,358.476,19,,-1.25,84,95.8,,SG
Wendell Carter Jr.,354.82872148,20,-0.205082531,2.09,42,59.2,-0.20712471600000001,C
Aaron Gordon,351.82114592,23,-0.134806258,1.76,66,147.8,-0.279432547,PF
Marvin Bagley III,351.65838687999997,20,-0.296712564,2.47,30,49.0,-0.303288882,PF
Domantas Sabonis,349.18194256000004,23,-0.169782104,2.46,53,105.4,-0.20438466600000002,PF
Jonathan Isaac,347.86586880000004,21,-0.16828238199999998,1.92,65,95.8,-0.170635449,SF
Thomas Bryant,347.11322332,22,-0.141494183,4.16,70,72.1,-0.005037617,C
Eric Bledsoe,346.145654232,29,0.08388204099999999,4.27,62,138.3,-9.53426e-05,PG
Jusuf Nurkic,343.75373912,24,0.135065344,-1.18,93,162.1,0.005939066999999999,C
Draymond Green,342.18684252,29,0.010648265,4.76,61,152.2,-0.15338860099999999,PF
Dejounte Murray,341.704,22,,0.22,95,100.7,,PG
Tobias Harris,338.3173914,27,0.152184543,4.8,51,81.4,-0.104424879,SF
Mikal Bridges,337.60568035999995,22,-0.15805687300000001,1.31,74,119.0,-0.21577555899999998,SF
Jarrett Allen,336.49068536000004,21,-0.08721745800000001,0.38,71,97.2,-0.19190770399999998,C
Brandon Clarke,335.256,22,,0.58,63,42.3,,PF
Marcus Smart,332.81171164,25,-0.09046731699999999,2.61,92,151.2,-0.09114494599999999,PG
Coby White,331.48,19,,-1.06,90,64.0,,PG
Kyle Lowry,326.57640344,33,0.148157752,4.63,73,176.1,-0.026448832999999998,PG
Malcolm Brogdon,326.3267122,26,-0.016728539,3.93,64,82.9,-0.063476828,PG
C.J. McCollum,325.63048096,27,0.002117768,3.58,54,92.1,-0.149127872,SG
Khris Middleton,320.56134,28,-0.015671901999999998,4.67,56,83.1,-0.083722299,SF
Julius Randle,316.29485084,24,-0.07361466900000001,2.19,67,88.0,-0.24988203,PF
Jonas Valanciunas,314.40786252,27,-0.053582177,3.92,55,53.1,0.00268937,C
Blake Griffin,312.01838388,30,-0.023281015,3.55,59,130.8,-0.21310469399999998,PF
Kevon Looney,307.24190964,23,-0.399372779,1.54,110,156.0,-0.19803974,C
Mike Conley,305.27247480000005,31,0.251940936,5.14,89,110.1,0.085485467,PG
Kevin Huerter,304.9446274,20,-0.378564555,0.28,100,118.2,-0.31880988,SG
Gary Harris,304.04611896,24,-0.335673416,1.88,76,111.2,-0.302486805,SG
Justise Winslow,302.88670472,23,-0.337995056,-0.26,85,135.9,-0.34246866299999995,PG
Derrick White,302.74254436,25,-0.217260755,0.55,99,149.8,-0.177562818,SG
Montrezl Harrell,299.38702448000004,25,-0.04278691,2.0,83,92.9,-0.199068739,C
Derrick Favors,297.44834624,28,-0.05228676,2.86,86,110.4,-0.057302292000000005,C
Miles Bridges,295.87443516,21,-0.397372685,1.6,75,46.4,-0.215183218,PF
Steven Adams,292.41507132000004,26,-0.079068819,1.32,68,103.9,-0.390077199,C
Danilo Gallinari,290.52393624,31,0.24998747,4.56,87,77.8,0.139455468,PF
Jaylen Brown,289.7967894,22,-0.387650935,-0.99,103,140.6,-0.343539665,SG
Chris Paul,285.463746,34,0.309499288,5.07,111,143.9,0.151872181,PG
Kelly Oubre Jr.,283.44283768,23,-0.09829879400000001,2.41,94,47.5,-0.140940132,SF
DeMar DeRozan,283.05480639999996,30,0.08018223599999999,4.53,58,51.8,-0.14763103800000002,SF
De'Andre Hunter,282.56,21,,-0.54,104,30.5,,SF
Klay Thompson,281.85640684,29,0.195803157,2.51,78,64.7,-0.034471493,SF
Landry Shamet,281.46157132,22,-0.47338828899999996,-1.67,116,151.4,-0.275461214,SG
Al Horford,281.40766304,33,0.235470934,4.0,88,107.8,0.070260321,PF
Larry Nance Jr.,280.48060264000003,26,0.02198641,2.89,117,98.7,-0.039010672,PF
Delon Wright,273.63141324000003,27,-0.28771795699999997,1.48,97,108.9,-0.103048356,PG
Terry Rozier,271.24882312,25,-0.37019948399999997,1.95,96,80.2,-0.132564969,PG
Brandon Ingram,270.14085944,21,-0.482999326,-0.65,79,87.0,-0.5876145939999999,SF
Jerami Grant,269.98015392,25,-0.046144614,0.1,82,63.0,-0.249425769,PF
Jaxson Hayes,269.736,19,,-2.78,129,56.3,,C
Jeremy Lamb,269.34985356000004,27,0.022223301,2.24,118,93.8,0.009161519,SG
Kevin Love,268.01830176,30,-0.030403422000000003,4.57,77,35.5,0.068805483,PF
Caris LeVert,267.99411292,24,-0.375922621,1.69,69,36.5,-0.285737278,SF
LaMarcus Aldridge,266.58629908,34,0.273817895,4.76,72,73.1,-0.038780208999999996,PF
DeMarcus Cousins,261.92119479999997,29,0.15324420800000002,-2.94,101,101.2,0.110242831,C
Fred VanVleet,258.95553548,25,-0.240920739,1.86,122,99.1,-0.152545437,SG
Goga Bitadze,255.388,20,,-2.71,112,22.9,,C
John Wall,249.23094533,28,-0.044565987,,81,61.2,-0.219942435,PG
T.J. Warren,241.83152760000002,25,0.082606182,1.18,106,14.9,-0.09645899599999999,SF
Ivica Zubac,241.5299784,22,-0.38753473,-0.16,119,47.6,-0.147807905,C
Tyler Herro,240.764,19,,-2.21,169,63.7,,SG
Zhou Qi,237.80465199,24,-0.935559713,,,8.4,1.4307031140000002,
Tyus Jones,237.735996,23,-0.342743002,-1.04,160,128.5,-0.116428549,PG
Brook Lopez,229.60799408,31,0.179988824,3.96,128,66.2,0.044205514,C
Cam Reddish,229.132,19,,-3.09,139,18.1,,SF
Dennis Smith Jr.,228.11083452000003,21,-0.502088263,-2.2,121,85.5,-0.471070437,PG
Spencer Dinwiddie,227.55013424,26,-0.317001304,-0.35,113,81.7,-0.25964767,PG
Jakob Poeltl,227.35007432,23,-0.45744065799999994,-1.12,145,105.7,-0.211803742,C
Kyle Kuzma,225.32741404,24,-0.250737545,-0.08,108,44.1,-0.336738552,PF
Bogdan Bogdanovic,225.25311532,27,-0.226232763,-0.28,102,50.6,-0.15791967699999998,SG
Kyle Anderson,223.99119672,25,-0.17453316,0.56,135,89.4,-0.311143461,SF
Ricky Rubio,219.98742959999998,28,-0.23712441,2.84,126,74.2,-0.178494925,PG
Taurean Prince,218.87027808,25,-0.24164351,0.32,105,23.5,-0.240299769,PF
Gordon Hayward,218.56536876,29,-0.24143183899999998,2.31,98,40.3,-0.17369197100000003,SF
Markelle Fultz,218.49994435,21,-0.653749789,,155,88.5,-0.49403197200000004,PG
Gary Payton II,217.53853787,27,-0.494129573,,,8.9,1.41869792,
Zach Collins,212.49742279999998,21,-0.54462506,-0.04,134,41.1,-0.306669685,PF
Hassan Whiteside,212.06501108,30,-0.13763482300000002,3.32,109,49.9,-0.19966995,C
Dario Saric,210.7135332,25,-0.36402681,-1.18,114,48.3,-0.24841743,PF
Collin Sexton,209.81595855999998,20,-0.5069423479999999,-0.19,80,-50.9,-0.480654344,PG
Monte Morris,207.06827704,24,-0.254366996,-1.18,173,104.2,-0.102613039,PG
Rui Hachimura,206.628,21,,-2.67,142,7.4,,SF
Mo Bamba,206.45821596,21,-0.491245341,-2.44,124,17.4,-0.21794963,C
Willie Cauley-Stein,205.96455884,26,-0.16174202699999998,-1.09,131,68.9,-0.24624700100000002,C
Troy Caupain,203.89779109,22,-0.802617347,,,10.8,0.7734495570000001,
Andrew Wiggins,199.80643788,24,-0.35190897299999996,-2.19,125,66.5,-0.41759004,SF
Tomas Satoransky,199.66427036,27,-0.255477555,-0.33,136,77.0,-0.219832843,PG
Robert Williams,193.99052664,21,-0.5525610120000001,0.06,185,35.2,0.138512089,C
Enes Kanter,190.41834368000002,27,-0.17833298,1.12,120,5.9,-0.166904214,C
Malik Monk,190.05257208,21,-0.606062664,-0.67,138,7.7,-0.233336517,SG
Cedi Osman,189.96029156,24,-0.350972165,-0.9,107,0.0,-0.381260273,SF
Dwight Powell,189.72478204,28,-0.213375507,0.22,161,92.7,-0.09690247099999999,C
Bruno Fernando,189.128,21,,-3.2,156,9.9,,C
Grant Williams,183.644,20,,-3.81,178,30.2,,PF
Kris Dunn,182.78745479999998,25,-0.18156293399999998,-1.78,147,45.3,-0.217725348,PG
Alex Len,180.35535172000002,26,-0.441256999,0.46,130,31.7,-0.275579604,C
Bobby Portis,179.28910108,24,-0.198950115,-0.66,153,14.6,-0.132861179,PF
Josh Okogie,178.07065952,20,-0.483988056,-3.4,184,87.2,-0.35502272799999995,SG
Joe Ingles,176.99709564,31,-0.13963847699999998,0.36,140,86.1,-0.21791706600000002,SF
Joe Harris,175.55038632000003,27,-0.218268602,0.02,143,49.7,-0.28313587,SG
Elfrid Payton,173.53263064,25,-0.245624648,-1.28,157,51.9,-0.253829793,PG
Rodions Kurucs,172.14386267999998,21,-0.517714321,-0.76,164,31.9,-0.34014455600000004,PF
Bruce Brown,169.95104812,23,-0.679817397,-1.88,144,62.6,-0.48140320000000003,SF
DeAndre Jordan,169.03729972,31,-0.025157951,1.53,123,28.2,-0.254979778,C
Marc Gasol,166.51973068,34,0.072185925,1.19,132,52.4,-0.07077132900000001,C
Nerlens Noel,164.4702276,25,-0.31910298600000003,-0.47,200,51.4,0.160004338,C
Lonnie Walker IV,164.37496328,20,-0.863371714,-3.34,170,38.8,-0.176477102,SG
Josh Jackson,163.88918172,22,-0.544008061,-2.83,146,37.7,-0.466406198,SF
Luke Kornet,159.98881343,24,-0.389874481,,,59.1,0.034894478,
Jabari Parker,159.68300304000002,24,-0.33288472,-2.79,152,37.9,-0.353445102,PF
Zhaire Smith,157.7991335,20,-0.69920913,,192,26.6,-0.45130969,SG
Tim Hardaway Jr.,157.7099794,27,-0.277916643,-0.45,150,34.4,-0.252341936,SF
Aaron Holiday,157.62094276,22,-0.709765839,-3.43,177,65.3,-0.23008029600000002,PG
O.G. Anunoby,156.12001392000002,22,-0.599077504,-1.69,165,45.1,-0.421536074,SF
Serge Ibaka,154.4044428,29,-0.0147441,0.86,151,9.1,-0.117522415,C
Matisse Thybulle,152.94400000000002,22,,-3.62,,62.7,,
Harry Giles,152.90275856,21,-0.6849311140000001,-3.37,148,11.9,-0.393924961,C
Terrence Ross,152.06234732000001,28,-0.125279369,0.88,180,39.2,-0.040980973999999996,SG
Harrison Barnes,150.96415048,27,-0.263479712,-0.4,137,5.7,-0.308608263,SF
Omari Spellman,150.66194778,22,-0.533896174,,206,30.7,-0.21488863100000002,PF
Dewayne Dedmon,148.87695580000002,30,0.066643975,2.48,188,34.1,0.05893996,C
Kelly Olynyk,148.74402168000003,28,-0.327305458,0.71,181,73.4,-0.197722,C
Luke Kennard,147.42852283999997,23,-0.491331575,-3.28,182,63.5,-0.300977677,SG
Dillon Brooks,144.49367192,23,-0.765808886,-2.38,133,16.4,-0.5394746579999999,SG
Frank Ntilikina,144.18350395,21,-0.7158525090000001,,204,43.3,-0.486324637,PG
Jalen Brunson,144.1052058,22,-0.586380899,-4.07,166,42.1,-0.39581947799999995,PG
Isaac Bonga,142.42980494000003,20,-0.9777782740000001,,,54.7,-0.480305154,
Thaddeus Young,142.27979764,31,-0.031457609,0.16,158,49.0,-0.208773725,PF
Maxi Kleber,140.45578888,27,-0.32166233,-1.98,176,52.6,-0.152921474,PF
Nikola Mirotic,139.94494770000003,28,0.054414682,,,67.3,0.071410011,
T.J. Leaf,139.62120918000002,22,-0.7702427059999999,,,39.4,-0.23425454699999998,
Richaun Holmes,138.76868288,25,-0.29096043,-3.89,194,48.3,-0.014886248999999999,C
Tony Bradley,137.75123105,21,-0.582774815,,,4.4,-0.13606276,
Furkan Korkmaz,137.42737404000002,22,-0.647232204,,,25.8,-0.18185379899999998,
Isaiah Hartenstein,137.26034289999998,21,-0.8240420940000001,,,33.5,-0.315740452,
Dennis Schroder,136.73952964,25,-0.38647845299999994,-1.54,162,17.2,-0.321666653,PG
Paul Millsap,136.73595468,34,-0.080874079,0.85,154,60.1,-0.12418852699999999,PF
Josh Hart,135.99413904,24,-0.386692332,-3.64,203,92.2,-0.312127096,SG
R.J. Hunter,135.86757365,26,0.041384917,,,15.4,0.18537155600000002,
Davis Bertans,134.64694808,27,-0.347040866,-0.26,,100.3,-0.129242716,
Jarred Vanderbilt,134.3695714,20,-0.95539814,,,42.6,-0.49915559,
Dylan Windler,131.972,23,,-3.11,,37.6,,
Thon Maker,131.86405243,22,-0.632523021,,,30.9,-0.288933967,
Justin Patton,130.97799351000003,22,-0.856017529,,,6.0,-0.09777289,
Jemerrio Jones,130.85182426999998,24,-0.215444005,,,24.2,-0.106821696,
Donte DiVincenzo,130.3342144,23,-0.700181128,,,52.9,-0.353599679,
Mitchell Creek,128.63276696,22,-0.759950056,,,9.3,-0.162196656,
Jonah Bolden,128.34057868000002,24,-0.5535495,,,39.2,-0.20094907899999997,
Cody Zeller,127.99824732000002,27,-0.143659699,1.47,,63.1,-0.161767059,
Lou Williams,127.86147804000001,32,-0.151443761,0.85,163,21.2,-0.015034644,PG
JaKarr Sampson,127.74189643,26,0.325008115,,,16.3,0.042047691,
Kevin Knox,127.25756776,20,-0.660794522,-3.0,115,-90.2,-0.547483142,SF
Devin Robinson,126.9369371,24,-0.47551489799999996,,,12.8,-0.04344892400000001,
Moritz Wagner,126.05273916,22,-0.828318247,-1.92,168,15.2,-0.421581637,PF
De'Anthony Melton,125.88687912000003,21,-0.443764172,-3.21,,43.0,-0.204906925,
Alex Caruso,125.71586592999999,25,-0.424212751,,,51.0,-0.232525082,
Evan Fournier,125.41389560000002,26,-0.29489748600000004,-0.17,186,35.1,-0.319952562,SG
Malik Beasley,124.6713246,23,-0.324753637,-2.01,,44.0,-0.161606624,
Anfernee Simons,124.64003303999999,20,-1.010292292,-4.25,141,15.6,-0.742928441,PG
Danny Green,124.33806043999999,32,-0.08771456300000001,1.35,197,80.6,-0.112991963,SF
Marcus Derrickson,123.93508929999999,24,-0.839045822,,,14.6,-0.048130655999999994,
Ryan Arcidiacono,123.91181175,25,-0.402543745,,,50.8,-0.256384385,
Ray Spalding,123.84030108999998,22,-0.714306387,,,22.7,-0.321607938,
Bonzie Colson,123.37646184,24,-0.66172112,,,13.8,-0.071679087,
Rondae Hollis-Jefferson,123.30186942,24,-0.662888786,,190,22.9,-0.486165534,PF
Amile Jefferson,122.76264737000001,26,-0.773070151,,,8.2,0.17376686100000002,
Jerome Robinson,122.26383947000001,22,-0.851116981,,,31.2,-0.38371238399999996,
P.J. Washington,122.22400000000002,21,,-4.36,,19.2,,
Jeff Teague,121.49984196,31,-0.21535101899999998,1.16,159,17.5,-0.206076466,PG
Shake Milton,120.92687176,23,-0.70547964,,,24.0,-0.26822914800000003,
Drew Eubanks,120.34037014,22,-0.8995920740000001,,,11.8,-0.265896364,
Christian Wood,119.73425465000001,24,-0.594204599,,,10.7,-0.103946242,
Isaiah Hicks,119.36057581,25,-0.581713195,,,6.6,0.018521347,
Chris Boucher,118.19888964,27,-0.6608892670000001,-3.27,,17.1,0.592605754,
Henry Ellenson,118.10508993,23,-0.670057175,,,9.0,-0.202929229,
B.J. Johnson,117.72186072,23,-0.8350836559999999,,,11.0,-0.20109128399999998,
Moe Harkless,117.66229059999999,26,-0.242860543,-1.82,,69.1,-0.17774109600000002,
Troy Brown Jr,115.96096071999997,20,-0.756640642,-2.28,,50.4,-0.38246767,
Alan Williams,115.63741998,27,-0.792196426,,,5.3,0.207392303,
Dragan Bender,115.12254579999998,22,-0.67911622,,,27.4,-0.46787865,
Juan Hernangomez,114.94172626999999,24,-0.574836605,,,36.5,-0.34687384600000004,
Deyonta Davis,114.29711603999999,23,-0.616233916,,,10.4,-0.26705681,
Noah Vonleh,114.13135968,23,-0.30563981,-3.77,213,46.7,-0.274313099,PF
Justin Jackson,113.85928919,24,-0.570482545,,,30.8,-0.321048567,
Ivan Rabb,113.55298906,22,-0.637883438,,,3.3,-0.323952207,
Reggie Jackson,113.48725328,29,-0.290595774,-0.46,174,19.9,-0.196661447,PG
Derrick Jones,113.32009259999998,22,-0.5183781829999999,-2.93,,57.8,-0.345784751,
Kenrich Williams,113.13313497,25,-0.40018064700000006,,,30.2,-0.247213232,
Cameron Johnson,113.06,23,,-4.31,,28.0,,
Thomas Welsh,112.84068256,22,-0.9723267040000001,,,6.6,-0.31415063,
Cheick Diallo,112.8208912,22,-0.48343920799999995,-4.0,208,11.8,-0.105619256,PF
Jordan Clarkson,112.47368684,27,-0.298279543,-2.21,171,5.1,-0.230014143,SG
Meyers Leonard,111.57202944,27,-0.584410468,-1.0,167,-1.0,-0.181144398,PF
Cameron Reynolds,110.76074781,24,-0.6905837229999999,,,16.4,-0.243967687,
JaVale McGee,110.50349784,31,0.027396372000000002,1.68,193,8.3,-0.008004463,C
Rudy Gay,110.4318944,33,-0.09157387199999999,0.6,175,36.9,-0.107114384,SF
Chris Chiozza,110.07860062,23,-0.9524478259999999,,,10.0,-0.27496151399999996,
Damian Jones,109.73586238,24,-0.446235114,,,10.5,-0.246022331,
Jaylen Adams,107.06163536999999,23,-0.7960079590000001,,,16.9,-0.380528563,
Brandon Sampson,106.82468229999999,22,-0.730853002,,,13.4,-0.467134846,
Nicolas Batum,106.54346924000001,30,-0.161059789,1.06,191,38.8,-0.26302674,SF
Bruno Caboclo,106.32073616,24,-0.342667396,-4.41,,57.5,-0.2265321,
Shaq Harrison,105.59216253,26,-0.479183003,,,32.9,-0.25050009300000003,
Hamidou Diallo,105.47626242999999,21,-0.872232605,,,11.1,-0.550217644,
Denzel Valentine,105.10000000000001,26,,-3.03,,32.5,,
Khyri Thomas,104.15401407000002,23,-0.927892369,,,21.6,-0.43328827799999997,
Dzanan Musa,102.67806213,20,-1.0600717309999999,,,50.7,-0.938915257,
Trey Burke,102.61914781,27,-0.5116468829999999,,,31.8,-0.175904792,
Walt Lemon,101.70633550000001,27,-0.12836617,,,11.4,-0.092425035,
Malcolm Miller,101.25688018,26,-0.8527151340000001,,,13.9,-0.124999606,
Tyler Johnson,100.71578484,27,-0.35484611899999996,-2.93,183,23.4,-0.28180463,SG
Yogi Ferrell,100.38426761,26,-0.6272239510000001,,,18.3,-0.19489366100000002,
Marquese Chriss,100.21108629999999,22,-0.828338218,,,2.0,-0.457819144,
Jevon Carter,100.04386438,24,-0.732838138,,,9.8,-0.326446928,
Isaac Humphries,99.19479175999999,22,-0.932571232,,,10.5,-0.516993699,
Tyler Dorsey,98.85025657,23,-0.8019702470000001,,,12.9,-0.45442551200000003,
Guerschon Yabusele,98.77349594,24,-0.9082006779999999,,,18.4,-0.380606216,
Gary Clark,98.55555744000002,25,-0.6762267040000001,,,-0.7,-0.178627194,
Khem Birch,98.48357583,27,-0.584676505,,,24.4,-0.166670739,
Frank Jackson,98.37685448,21,-0.718181568,,,-14.6,-0.478316623,
Skal Labissiere,98.28963975,23,-0.859638441,,,10.7,-0.43882469799999996,
Frank Kaminsky,98.11423461000001,26,-0.605184379,,,22.2,-0.25332402,
Elie Okobo,98.01938516,22,-0.728864924,,,-1.6,-0.47244957,
Kentavious Caldwell-Pope,97.7577584,26,-0.301250168,-1.97,,37.6,-0.167477936,
John Henson,97.25242235,29,-0.47498150899999997,,,20.6,0.030827967999999997,
Keita Bates-Diop,96.42809254,24,-0.6631639539999999,,,11.6,-0.392953349,
Theo Pinson,94.79955198,24,-0.8643208259999999,,,23.5,-0.471465497,
Sam Dekker,94.68712193,25,-0.595666375,,,8.0,-0.297952679,
Devonte' Graham,94.50609306,24,-0.75856163,,,1.6,-0.335053633,
Troy Williams,93.77292342,25,-0.657408474,,,9.2,-0.310062398,
Damyean Dotson,93.10912662000001,25,-0.423895642,,,8.6,-0.34334896200000004,
Emmanuel Mudiay,93.09162544,23,-0.438456336,-4.59,205,26.6,-0.378951514,PG
Pat Connaughton,93.07778504000001,27,-0.39292541799999997,-3.32,,61.1,-0.160264978,
Cameron Payne,92.85606077999999,25,-0.612694386,,,8.4,-0.321512442,
Justin Anderson,92.74800587,26,-0.769692261,,,11.5,-0.22493839399999999,
Stanley Johnson,92.56740812000001,23,-0.594445883,-3.17,,38.1,-0.314259457,
Kadeem Allen,92.49736456,27,-0.39356989600000003,,,13.8,-0.191186706,
Terrance Ferguson,91.98344555999999,21,-0.595733389,-4.71,,50.0,-0.507965236,
Georges Niang,91.72801954,26,-0.793380662,,,6.3,-0.198327173,
Jarell Martin,91.499492,25,-0.8592360240000001,,,5.4,-0.286651847,
Edmond Sumner,91.40350936000002,24,-0.896997952,,,22.6,-0.5035313889999999,
Alize Johnson,90.66994843999998,23,-1.012538788,,,27.4,-0.631858296,
Chandler Hutchison,90.37760286000001,23,-0.6844024740000001,,,4.7,-0.517629655,
Davon Reed,90.04847309,24,-0.9774604990000001,,,15.7,-0.462111524,
Jordan Loyd,89.98648429,26,-0.944510635,,,11.9,-0.240405117,
Isaiah Briscoe,89.55679549,23,-0.884292891,,,19.7,-0.607903445,
Jerian Grant,89.48045533,27,-0.666843675,,,31.2,-0.316538849,
Ben McLemore,89.14826711999999,26,-0.8299993920000001,,,5.5,-0.22039673699999998,
Timothe Luwawu-Cabarrot,87.91279707,24,-0.786848813,,,-0.1,-0.402033935,
J.P. Macura,87.40251362000001,23,-1.0053185820000001,,,10.4,-0.554603757,
Daniel Hamilton,87.22885457,24,-0.892919823,,,21.8,-0.55062434,
Andre Roberson,87.008,28,,-3.52,,36.4,,
Tyler Lydon,86.90937913,23,-1.001187951,,,11.9,-0.5717842670000001,
Damion Lee,86.67773905,27,-0.712703735,,,10.3,-0.199540295,
Eric Gordon,86.63845024,30,-0.295709634,-0.97,195,43.2,-0.298439555,SG
Caleb Swanigan,85.87366665,22,-0.966899807,,,11.0,-0.682716691,
Kent Bazemore,85.75508428,30,-0.334509179,0.01,187,11.3,-0.228031857,SF
Patrick Beverley,85.69128972000001,31,-0.22605420899999998,0.03,215,61.5,-0.185706774,PG
Ante Zizic,85.52853624,22,-0.628612618,-3.68,201,9.9,-0.46838698799999995,C
Deng Adel,85.51873309,22,-0.966494283,,,11.5,-0.690704051,
Chimezie Metu,85.34105705999998,22,-1.009028718,,,5.9,-0.6484081970000001,
Michael Carter-Williams,84.72628707,28,-0.671087701,,,22.3,-0.21313544899999998,
Brandon Goodwin,84.25925187000001,24,-1.0413066690000001,,,17.6,-0.539796018,
Will Barton,84.21246208000001,28,-0.455469138,-2.26,172,1.9,-0.366659655,SF
Royce O'Neale,83.80514104,26,-0.5255562420000001,-2.79,217,59.2,-0.342182616,SF
Gary Trent Jr.,83.57371766000001,21,-1.0615611459999998,,,14.3,-0.8227333859999999,
Rawle Alkins,82.96824939999999,22,-1.0070741559999998,,,17.0,-0.756012613,
Billy Garrett,82.1663934,25,-0.7742429479999999,,,7.2,-0.42653971399999996,
Andrew Harrison,81.80412749999999,25,-0.8929825779999999,,,16.5,-0.481325584,
Alex Abrines,81.11923897,26,-0.672106543,,,14.1,-0.400696195,
Michael Kidd-Gilchrist,80.84051072,26,-0.533535678,-1.65,,40.0,-0.299600777,
Wesley Iwundu,80.65500307,25,-0.6915708770000001,,,6.9,-0.453666102,
Seth Curry,79.73348656,28,-0.583395834,-0.93,196,28.9,-0.33080850100000003,SG
Shabazz Napier,79.60993384,28,-0.49589775799999997,-2.94,,45.1,-0.08887694800000001,
Al-Farouq Aminu,79.58364327999999,29,-0.17554421,-2.54,,47.4,-0.190482354,
Johnathan Williams,79.35236024,24,-0.7307262720000001,,,4.6,-0.548954713,
Frank Mason III,79.22702031,25,-0.838730073,,,5.2,-0.441220987,
Danuel House,78.78998796,26,-0.38988680299999995,-2.85,,38.2,-0.309456749,
Duncan Robinson,78.71145141000002,25,-0.860986227,,,6.3,-0.45258357899999996,
David Nwaba,78.54235345,27,-0.565471439,,,15.9,-0.35883665200000003,
Trey Lyles,78.4071488,24,-0.638614574,-3.74,,40.7,-0.351753353,
Darren Collison,78.06223023,32,-0.07027625700000001,,,36.2,-0.06883759,
Nik Stauskas,77.34156026999999,26,-0.722542525,,,0.6,-0.34711268100000003,
Jae Crowder,77.21362061,29,-0.336424099,,,23.2,-0.25517673,
Allonzo Trier,76.67540086,24,-0.633258146,,,-8.7,-0.501500221,
Antonio Blakeney,76.43191827,23,-0.851713285,,,-13.0,-0.547136861,
Jaron Blossomgame,76.29701734,26,-0.7167255859999999,,,12.4,-0.443496585,
D.J. Wilson,76.25025328,23,-0.628671158,-4.87,209,19.0,-0.373661255,PF
Alex Poythress,75.43455714000001,26,-0.7164671659999999,,,9.1,-0.43120964,
Nemanja Bjelica,74.70318372,31,-0.20048146100000003,-3.31,,60.5,-0.082594473,
Norman Powell,74.7023918,26,-0.494067109,-1.77,,18.4,-0.237361548,
Jalen Jones,74.39142273,26,-0.758083383,,,3.9,-0.40264679299999995,
Chasson Randle,74.27676944999999,26,-0.749690623,,,5.9,-0.419129054,
Mason Plumlee,73.94931688000001,29,-0.35754191,-1.77,,56.1,-0.27893758399999996,
Jawun Evans,73.91754594,23,-1.0007524540000001,,,7.6,-0.704136619,
Cory Joseph,73.88672156,28,-0.376278299,-2.34,,44.8,-0.255626831,
Treveon Graham,73.75661803999999,26,-0.71464378,,,11.4,-0.46851180200000003,
Daniel Theis,73.32121572000001,27,-0.535160355,-2.82,,23.4,-0.103454626,
Joe Chealey,72.70861076,23,-1.04922278,,,9.3,-0.725089518,
Dante Exum,71.95423264000001,24,-0.7802091440000001,-4.81,207,46.9,-0.47564252,SG
Sindarius Thornwell,71.45944352000001,25,-0.9821901040000001,,,15.4,-0.5917831929999999,
Deonte Burton,70.59383615000002,26,-0.917338801,,,10.3,-0.475009698,
JaMychal Green,70.24000344,29,-0.331883238,-0.6,199,-11.9,-0.172758338,PF
Mario Hezonja,69.85049696000002,24,-0.57201018,-3.29,214,12.9,-0.37553869799999995,SF
Jahlil Okafor,69.7722316,24,-0.524775294,-3.19,,1.0,-0.27308445800000003,
Johnathan Motley,69.44935496999999,24,-0.935322895,,,5.6,-0.654167701,
Grayson Allen,68.88142562,24,-0.947105238,,,2.5,-0.638094025,
Abdel Nader,68.56685325,26,-0.7989953470000001,,,-7.7,-0.38913991600000003,
Bojan Bogdanovic,68.52456796,30,-0.128218409,0.07,216,20.1,-0.249408696,PF
Rodney Hood,68.46936296000001,27,-0.376995774,-1.79,,19.4,-0.279560076,
Darius Miller,67.05232464000001,29,-0.494193544,,,23.1,-0.361771749,
DeAndre' Bembry,67.04162923999999,25,-0.416987355,-3.17,,11.1,-0.333060957,
Troy Daniels,66.71932018,28,-0.668014902,,,-2.0,-0.268506635,
Iman Shumpert,65.85820662,29,-0.42783413,,,5.7,-0.263193151,
Ekpe Udoh,65.78356683999999,32,-0.75249454,,,10.5,0.042856403,
Brad Wanamaker,64.96759777999999,30,-0.762599262,,,10.4,-0.16538012,
Derrick Rose,64.77781912,30,-0.16904401,-0.75,218,8.7,-0.119780256,PG
Ron Baker,64.33101988,26,-0.95170306,,,22.2,-0.6322993689999999,
Angel Delgado,63.80130030999999,24,-1.028501849,,,4.6,-0.706121015,
Daryl Macon,63.78716489,24,-1.005600375,,,15.3,-0.784060392,
Dwayne Bacon,62.897033720000024,24,-0.655103041,-2.96,,10.1,-0.37193555799999994,
Wayne Selden,62.70153450999999,25,-0.7606147329999999,,,-11.3,-0.542053977,
Julian Washburn,62.63591367000001,28,-0.756635657,,,12.6,-0.410671622,
Jake Layman,62.35198184000001,25,-0.530464904,-3.82,,13.0,-0.307617775,
Kobi Simmons,62.30637982999999,22,-1.064645137,,,11.1,-0.96578961,
Jordan Bell,62.00852736,25,-0.696409044,-2.65,,11.1,-0.288763886,
Tyreke Evans,61.894335639999994,30,-0.6360861879999999,,,35.3,-0.393910031,
Semi Ojeleye,60.96846729,25,-0.905258527,,,-6.8,-0.577136843,
Dorian Finney-Smith,60.24104772,26,-0.42372011299999995,-3.5,,17.0,-0.335376847,
Tyler Cavanaugh,59.56703456000001,25,-1.031015112,,,0.9,-0.632835179,
Malachi Richardson,59.54949879,24,-1.045298097,,,12.6,-0.813169003,
Wade Baldwin IV,59.39807684,23,-1.0841895879999999,,,27.2,-1.012400341,
Ryan Broekhoff,58.977789630000004,29,-0.803237965,,,12.5,-0.349872884,
T.J. McConnell,57.981551239999995,27,-0.440293657,-2.99,,6.2,-0.21160878100000002,
Bryn Forbes,57.87197828,26,-0.34056499700000004,-4.42,,8.3,-0.288167773,
Lorenzo Brown,57.53205857,29,-0.874351223,,,10.6,-0.345755365,
Yuta Watanabe,57.48605825,25,-0.978476375,,,4.9,-0.693414725,
Willy Hernangomez,57.478233200000005,25,-0.639459856,-4.1,210,-1.0,-0.298542157,C
Rodney McGruder,57.27897528,28,-0.60323628,,,4.8,-0.442208274,
Jared Terrell,56.25957535,24,-1.052099361,,,14.8,-0.868842888,
Isaiah Canaan,56.10590078,28,-0.687168002,,,7.3,-0.46388024,
Wayne Ellington,56.09071806,32,-0.326103818,,,15.5,-0.166603047,
Sterling Brown,55.98772072,24,-0.6239733279999999,-4.91,,10.3,-0.35339182700000005,
Lance Stephenson,55.52751566999999,29,-0.639122289,,,-2.7,-0.307115768,
Brandon Knight,55.20162759,28,-0.711174057,,,0.2,-0.422482898,
Eric Moreland,54.866808879999994,28,-0.857525112,,,8.2,-0.46437425,
Kyle O'Quinn,54.572536359999994,29,-0.724327705,-2.86,,24.9,-0.051229443,
Mike Muscala,54.34729555999999,28,-0.489150941,-3.12,,24.6,-0.253283335,
James Nunnally,54.07849505,29,-0.941265583,,,10.5,-0.379860614,
Solomon Hill,53.84226564,28,-0.690066572,,,6.7,-0.487613358,
Ian Clark,52.2540982,28,-0.739875788,,,-7.2,-0.403939299,
Gorgui Dieng,52.20598736000001,30,-0.471809608,-1.84,,-3.3,0.026579646000000002,
John Jenkins,51.81501376,28,-0.8502451120000001,,,3.8,-0.47263168899999997,
Patrick McCaw,51.685411,24,-0.710800737,-4.58,,6.1,-0.35498199399999997,
C.J. Williams,51.343065810000006,29,-0.862504155,,,6.3,-0.39449865799999995,
Tyler Zeller,51.24154886,30,-0.6127719620000001,,,5.0,-0.317884144,
J.J. Redick,51.022036240000006,35,-0.10120832199999999,0.33,211,30.8,-0.13534538599999998,SG
Raul Neto,50.057395519999986,27,-0.698139686,-4.25,,24.7,-0.232487713,
Goran Dragic,49.430020000000006,33,-0.387270382,-0.04,198,21.0,-0.282989559,PG
Omri Casspi,48.86389499,31,-0.622841509,,,11.2,-0.289746124,
Jodie Meeks,48.63963257,32,-0.628883391,,,4.5,-0.14489416900000002,
Jonas Jerebko,47.560110050000006,32,-0.542580011,,,7.1,-0.187376123,
Tyler Ulis,47.20237983,24,-1.064645137,,,12.7,-0.96578961,
Marvin Williams,46.92684516,33,-0.126799467,-0.92,,21.9,-0.145814702,
D.J. Augustin,46.13665948,32,-0.251420267,-0.02,,15.3,-0.203431623,
Justin Holiday,45.7727054,30,-0.162993687,-4.28,,23.4,-0.242644339,
Dion Waiters,45.33806832000002,28,-0.486866064,-2.19,,14.4,-0.35376611399999996,
Boban Marjanovic,45.1812486,31,-0.548482339,-1.62,,19.8,-0.09834322300000001,
Langston Galloway,44.9896856,28,-0.551892056,-4.82,,34.3,-0.300532902,
Kosta Koufos,44.676150009999986,30,-0.7418331429999999,,,3.1,-0.37051898200000005,
Salah Mejri,43.79012951,33,-0.638431665,,,6.2,-0.116219423,
Jeremy Lin,43.57227925,31,-0.545441203,,,-0.5,-0.283666359,
Cristiano Felicio,43.23998244,27,-0.817687188,,,-18.1,-0.530589321,
Jacob Evans,43.00725916,22,-0.982932473,-4.17,,15.4,-0.6181180239999999,
Shelvin Mack,42.42300233,29,-0.640091623,,,-8.2,-0.432301018,
Reggie Bullock,42.33102688,28,-0.360648294,-4.92,,21.1,-0.330738017,
Tony Snell,42.326308000000004,28,-0.589557592,-2.45,,8.1,-0.279717354,
Melvin Frazier,42.136940710000005,23,-1.117128257,,,14.1,-1.132347209,
Marcus Morris,41.500385480000006,30,-0.200401675,-3.44,,1.8,-0.17864434399999998,
Quinn Cook,41.06293156000001,26,-0.663676579,-4.54,,-5.1,-0.23542506600000002,
Quincy Pondexter,40.752940620000004,31,-0.918243258,,,8.6,-0.336007835,
Chandler Parsons,40.589480630000004,31,-0.604777265,,,3.7,-0.342934334,
Kenneth Faried,39.95176752,30,-0.376766366,-1.5,,3.4,-0.24226972300000002,
Michael Beasley,39.832362880000005,31,-0.753242072,,,3.0,-0.328940205,
Greg Monroe,39.46745254,29,-0.81804529,,,-2.2,-0.48900118200000003,
Tristan Thompson,37.43981419999999,28,-0.298654133,-2.86,,-7.6,-0.35072525600000004,
Jon Leuer,36.74953317999999,30,-0.8084821459999999,,,-1.8,-0.426970567,
Corey Brewer,36.39004053000001,33,-0.566568579,,,5.9,-0.21560342100000002,
Joakim Noah,35.79926504,34,-0.4826602,,,13.5,-0.186676662,
Amir Johnson,35.656564089999996,32,-0.751184095,,,5.0,-0.29539493699999997,
Allen Crabbe,35.19737596,27,-0.543115445,-4.83,,18.7,-0.417500078,
P.J. Tucker,34.86628988000001,34,-0.09954113699999999,-1.1,,33.2,-0.278050808,
Patrick Patterson,34.057058170000005,30,-0.809918087,,,-0.4,-0.470247012,
Andrew Bogut,34.04770977999999,35,-0.576983934,,,11.5,-0.08278063599999999,
Mike Scott,33.52866145,31,-0.656970935,,,-6.5,-0.353270365,
Thabo Sefolosha,32.81114464,35,-0.61783396,,,15.2,-0.119031447,
Alec Burks,32.772788160000005,28,-0.497623518,-4.39,,0.9,-0.273453389,
Trevor Ariza,31.659235719999998,34,-0.093872095,-2.04,202,-1.7,-0.21792350600000002,SF
Jimmer Fredette,31.31912741999999,30,-0.94787761,,,6.0,-0.5320262060000001,
Alfonzo McKinnie,31.153003080000005,27,-0.726983959,-2.63,,2.0,-0.39672048200000004,
Evan Turner,30.519895969999997,31,-0.621436683,,,3.1,-0.462521715,
Quincy Acy,30.42845489,29,-0.914332087,,,3.5,-0.629852803,
Jordan McRae,29.548345159999997,28,-0.685573043,-5.03,,6.0,-0.21548416399999998,
MarShon Brooks,28.804158130000005,31,-0.813159683,,,7.0,-0.487303063,
Luol Deng,28.77565971,34,-0.513366405,,,11.2,-0.254533453,
Torrey Craig,28.61712584,29,-0.5362736060000001,-4.62,,21.6,-0.33659912399999997,
Dante Cunningham,26.82714581,32,-0.6873330190000001,,,-4.7,-0.34584405,
Jerryd Bayless,26.291254250000005,31,-0.7610126629999999,,,-2.0,-0.462232739,
DeMarre Carroll,26.21763879,33,-0.533798097,,,13.2,-0.397954753,
Ed Davis,26.186635839999994,30,-0.48329552,-4.38,,18.2,-0.284669292,
Ian Mahinmi,25.64320711,33,-0.635829161,,,1.8,-0.312581266,
Austin Rivers,24.804446920000004,27,-0.636614969,-5.0,,24.7,-0.532036929,
Jason Smith,24.25274021,33,-0.8182510909999999,,,1.8,-0.307159361,
Miles Plumlee,24.148126299999994,31,-0.8260722420000001,,,2.8,-0.514489391,
Jonathon Simmons,23.975259100000002,30,-0.767980634,,,-10.1,-0.533611682,
Garrett Temple,23.65471742,33,-0.429068522,,,6.1,-0.393382467,
Markieff Morris,23.32367764,30,-0.459527773,-3.7,,1.6,-0.258640143,
James Ennis,22.761766560000005,29,-0.50094306,-3.72,,1.3,-0.341606388,
George Hill,22.193772480000007,33,-0.461538438,-1.91,,27.9,-0.267733625,
Jeff Green,22.097273360000006,33,-0.230775382,-1.65,,2.4,-0.222071392,
Patty Mills,21.701770680000003,31,-0.42066570299999995,-4.8,,15.0,-0.223395015,
James Johnson,21.44486864000001,32,-0.5381516679999999,-0.92,,21.1,-0.35306330799999996,
Glenn Robinson III,20.950669559999994,26,-0.818872603,-4.67,,6.7,-0.48370532899999996,
Wesley Johnson,20.25162194,32,-0.798404854,,,3.7,-0.472954119,
Doug McDermott,19.797508560000004,28,-0.655310966,-4.67,,6.5,-0.37850066,
Courtney Lee,17.683776020000003,34,-0.7453619659999999,,,4.5,-0.317282554,
Raymond Felton,17.516636910000003,35,-0.757374413,,,7.1,-0.236070237,
Dairis Bertans,17.424430990000005,30,-0.992114077,,,2.6,-0.676380353,
Lance Thomas,16.986541470000006,31,-0.794689381,,,-5.2,-0.551932059,
Okaro White,16.24157831000001,27,-1.092053745,,,2.3,-0.9765735529999999,
J.R. Smith,15.693874680000006,34,-0.6117942279999999,,,2.0,-0.34135228799999995,
Shaun Livingston,15.323124119999997,34,-0.654807548,,,2.2,-0.342010005,
Ish Smith,14.675377080000004,31,-0.5708456670000001,-2.2,,7.5,-0.34613495299999997,
J.J. Barea,13.541665440000001,35,-0.603557728,,,3.8,-0.281884466,
Dwight Howard,13.053136100000001,33,-0.463141246,,212,0.5,-0.557443143,Â 
Tim Frazier,12.424764639999985,29,-0.6067688520000001,-4.87,,-0.5,-0.333431016,
Zaza Pachulia,10.25530771,35,-0.713951957,,,7.2,-0.332964659,
Ersan Ilyasova,10.248952800000005,32,-0.5355667620000001,-4.02,,14.8,-0.256454709,
Bismack Biyombo,9.65778976,27,-0.669353712,-4.96,,-17.4,-0.41280077200000004,
Rajon Rondo,9.338330959999997,33,-0.29975851,-1.96,,-5.0,-0.275891608,
E'Twaun Moore,8.614587280000002,30,-0.385979216,-4.81,,-5.8,-0.358103051,
Andre Iguodala,7.962138480000007,36,-0.308510412,-3.49,,38.7,-0.198993063,
Taj Gibson,7.9407752000000045,34,-0.23706348,-3.43,,6.8,-0.21543357,
Ryan Anderson,7.198751569999992,31,-0.959147587,,,1.5,-0.7006221570000001,
Aron Baynes,6.103122640000002,33,-0.536859276,-3.07,,5.6,-0.20260632899999997,
Wesley Matthews,5.9799568,33,-0.38959681799999996,-1.06,,-0.4,-0.361402131,
Carmelo Anthony,5.697979560000004,35,-0.395064852,,,-2.9,-0.35909214899999997,
Marcin Gortat,2.4201842199999994,35,-0.648598858,,,2.1,-0.40337284,
Devin Harris,2.2840352599999996,36,-0.700049258,,,8.1,-0.34064340200000004,
Avery Bradley,1.572013879999993,29,-0.534463087,-3.56,,-14.0,-0.492618283,
Milos Teodosic,1.4114076100000066,32,-0.9543047509999999,,,6.0,-0.7050693109999999,
C.J. Miles,0.8093050800000015,32,-0.6750698509999999,-3.01,,5.3,-0.301323761,
Matthew Dellavedova,-0.22315064000000717,29,-0.743796912,-5.0,,1.1,-0.426090927,
Channing Frye,-1.3941290000000004,36,-0.842247196,,,0.1,-0.312845713,
Gerald Green,-1.7974984400000018,34,-0.502404955,-2.51,,2.0,-0.22839125300000002,
Robin Lopez,-2.2284232800000012,31,-0.478598798,-3.12,,-10.2,-0.42215589200000003,
Pau Gasol,-3.860066249999999,39,-0.656893089,,,11.1,-0.143839192,
Marco Belinelli,-6.739059720000007,33,-0.476895309,-4.57,,0.6,-0.264365592,
Demetrius Jackson,-7.530369729999999,,-0.7530369729999999,,,10.5,0.202574497,
Emanuel Terry,-7.702397759999999,,-0.7702397759999999,,,11.5,-0.20575648300000002,
Nene Hilario,-7.71882745,37,-0.712133329,,,7.2,-0.357868677,
Kalin Lucas,-7.93811057,,-0.793811057,,,6.3,0.509342226,
Jordan Sibert,-8.04542404,,-0.8045424040000001,,,12.5,0.37024559999999995,
P.J. Dozier,-8.05096176,,-0.8050961759999999,,,12.5,-0.09601078800000001,
Scott Machado,-8.152188709999999,,-0.8152188709999999,,,7.0,0.26658401600000003,
Jaylen Morris,-8.61902712,,-0.861902712,,,6.3,-0.21766862,
D.J. Stephens,-8.758786359999998,,-0.8758786359999999,,,10.6,-0.503998611,
Trevon Duval,-9.14979825,,-0.914979825,,,3.5,1.029109795,
Yante Maten,-9.25124839,,-0.9251248390000001,,,8.6,-0.34136794200000004,
Sviatoslav Mykhailiuk,-9.28627482,,-0.928627482,,,,-0.559310321,
Dusty Hannahs,-9.330034979999999,,-0.9330034979999999,,,10.5,-0.45237430100000003,
Ty Wallace,-9.56374686,,-0.956374686,,,42.6,-0.708006082,
Wilson Chandler,-9.656432919999993,32,-0.529320417,-4.58,,2.5,-0.387295203,
Luc Mbah a Moute,-9.89830120999999,33,-0.941056433,,,10.1,-0.7767967109999999,
Zach Lofton,-10.0496406,,-1.00496406,,,11.9,-0.7437297070000001,
DeVaughn Akoon-Purcell,-10.07898561,,-1.007898561,,,17.0,-0.374432156,
Vincent Edwards,-10.16737535,,-1.016737535,,,27.4,-0.674835744,
George King,-10.23696343,,-1.023696343,,,4.2,-0.799401747,
Naz Long,-10.28932779,,-1.028932779,,,4.6,-0.7495843390000001,
Haywood Highsmith,-10.4634015,,-1.04634015,,,12.6,-0.8863064359999999,
Ike Anigbogu,-10.63049037,,-1.063049037,,,14.3,-0.7342293940000001,
Tahjere McCall,-11.030228390000001,,-1.103022839,,,2.3,-1.2286280090000001,
Tyler Davis,-11.057580490000001,,-1.105758049,,,2.3,-1.003333709,
Kostas Antetokounmpo,-11.253860629999998,,-1.1253860629999999,,,10.6,-1.2301756670000001,
Andre Ingram,-11.31827603,,-1.131827603,,,10.6,-1.12204228,
John Holland,-11.541620170000003,31,-1.064645137,,,7.8,-0.96578961,
Nick Young,-13.21919592,34,-0.9706643840000001,,,4.1,-0.672606901,
Donte Grantham,-13.752350369999998,23,-1.119352941,,,10.6,-1.8061852619999998,
Dwyane Wade,-13.78587344,38,-0.412560504,,,0.3,-0.322853355,
Tony Parker,-21.088119020000008,37,-0.7145322140000001,,,-5.5,-0.435784961,
Tyson Chandler,-21.751876810000002,37,-0.701502713,,,4.5,-0.515710621,
Jamal Crawford,-27.84139612,39,-0.640816444,,,-3.3,-0.344815396,
Jared Dudley,-28.372575519999998,34,-0.623645224,-4.08,,7.6,-0.441034582,
Anthony Tolliver,-31.709824480000005,34,-0.679498858,-4.91,,2.4,-0.36654837700000004,
Jose Calderon,-32.00603306000001,38,-0.8471103059999999,,,1.8,-0.506786625,
Isaiah Thomas,-33.12862039999999,30,-1.0002088759999999,-3.34,,4.5,-0.736753317,
Vince Carter,-39.98513354,43,-0.50996581,,,3.1,-0.157768443,
Dirk Nowitzki,-40.17545828000001,41,-0.6956131640000001,,,-7.9,-0.25994158300000003,
Kyle Korver,-41.378200959999994,38,-0.5610079379999999,-3.67,,8.0,-0.263348543,
Udonis Haslem,-55.07217532,39,-1.0206036520000001,,,4.2,-0.690226735,
Donatas Motiejunas,-80.94975644,29,-1.1919547879999999,,,5.1,-1.9985776069999999,
Terrence Jones,-124.36055104999997,28,-1.234790777,,,-21.4,-2.450358041,
